{"Fid":"fS_-BGwBTzKNLsRbIcNYCT","Status":3,"AuthToken":"eyJhbGciOiJFUzI1NiIsInR5cCI6IkpXVCJ9.eyJhcHBJZCI6IjE6NzI5NTg3NzQyMDYwOmFuZHJvaWQ6ZTdkNmY4N2M3ODNmNTJiOWE0MmY0OSIsImV4cCI6MTcxODQ3NDUxNCwiZmlkIjoiZlNfLUJHd0JUektOTHNSYkljTllDVCIsInByb2plY3ROdW1iZXIiOjcyOTU4Nzc0MjA2MH0.AB2LPV8wRAIgXQYSymiFa_BSaeEVBGW_2utWbOrldAUJuMImWhwDV4gCIHr75GtkcB34bHaOsA5oCMk51XV5bA7PQuzD74KbS0JH","RefreshToken":"3_AS3qfwJ6zn9PUdWMejvduKYZWsTrxjFnvbG6AHgUZ9xCx9FnyoDof4LrfSyllCJffNjYWEfxuInrzf_2CNzZVBqHJn65cPQgKopz1LM28k4wA0M","TokenCreationEpochInSecs":1717869712,"ExpiresInSecs":604800}